{"nodes": {"0": [53.34911940626952, -6.2677685527236235], "1": [53.30015918093046, -6.325447973544027], "2": [53.3450322292318, -6.245012720247393], "3": [53.289495663248665, -6.253438417643242], "4": [53.385972326172, -6.3347115485026], "5": [53.3973584109374, -6.22216003710937], "6": [53.3103273035156, -6.19232369082032], "7": [53.339639263405545, -6.2895852760120725], "8": [53.3784478419595, -6.16682495621745], "9": [53.3508724689453, -6.36896960332032], "10": [53.393889374349, -6.279211303819444], "11": [53.354415893555, -6.3700103759766], "12": [53.344802856445, -6.3384246826172], "13": [53.300857543945, -6.2834930419922], "14": [53.278884887695, -6.2436676025391], "15": [53.288497924805, -6.3466644287109], "16": [53.406600952148, -6.2299346923828], "17": [53.270645141602, -6.2464141845703], "18": [53.346176147461, -6.2917327880859], "19": [53.306350708008, -6.2656402587891], "20": [53.407974243164, -6.2038421630859], "21": [53.350296020508, -6.3549041748047], "22": [53.347549438477, -6.2587738037109], "23": [53.312403, -6.241145], "24": [53.344802856445, -6.1997222900391], "25": [53.341555, -6.319745], "26": [53.331211, -6.29543], "27": [53.362655639648, -6.1846160888672], "28": [53.395614624023, -6.1612701416016], "29": [53.322939, -6.158753], "30": [53.336957, -6.1783], "31": [53.27751159668, -6.2683868408203], "32": [53.34512, -6.225803], "33": [53.329397, -6.247099], "34": [53.29827, -6.180074], "35": [53.37776184082, -6.2230682373047], "36": [53.324921, -6.228908], "37": [53.36926, -6.254116], "38": [53.372116, -6.330109], "39": [53.345082, -6.264572], "40": [53.307057, -6.207659], "41": [53.356943, -6.245662], "42": [53.380359, -6.288875], "43": [53.340683, -6.303297], "44": [53.347037, -6.248391], "45": [53.337659, -6.272221], "46": [53.336226, -6.258645], "47": [53.401107788086, -6.1818695068359], "48": [53.405227661133, -6.3068389892578], "49": [53.361282348633, -6.2889862060547], "50": [53.391494750977, -6.3191986083984], "51": [53.328323364258, -6.3535308837891], "52": [53.361282, -6.218464], "53": [53.323704, -6.2785], "54": [53.348924, -6.273073], "55": [53.348877, -6.281047], "56": [53.281631469727, -6.2985992431641], "57": [53.386001586914, -6.3727569580078], "58": [53.280258178711, -6.2107086181641], "59": [53.390121459961, -6.3027191162109], "60": [53.274765014648, -6.2271881103516], "61": [53.388748168945, -6.2711334228516], "62": [53.317996, -6.327085], "63": [53.410614, -6.268774], "64": [53.40945, -6.255672], "65": [53.320083, -6.339259], "66": [53.418960571289, -6.2203216552734], "67": [53.306350708008, -6.3521575927734], "68": [53.384628295898, -6.2409210205078], "69": [53.287518, -6.329876], "70": [53.334256, -6.385776], "71": [53.398361206055, -6.3384246826172], "72": [53.284378051758, -6.2766265869141], "73": [53.373641967773, -6.3727569580078], "74": [53.274765014648, -6.2615203857422], "75": [53.349017, -6.386176], "76": [53.396988, -6.21745], "77": [53.32494, -6.37299], "78": [53.384824, -6.152801], "79": [53.299035, -6.336083], "80": [53.303744, -6.318525], "81": [53.387375, -6.202164], "82": [53.398361206055, -6.2436676025391], "83": [53.388977, -6.260605], "84": [53.370907, -6.312376], "85": [53.36303, -6.38237], "86": [53.402344, -6.352158], "87": [53.380611, -6.356003], "88": [53.333817, -6.227875], "89": [53.320833, -6.313331], "90": [53.341383, -6.24162], "91": [53.286209, -6.194229], "92": [53.320084, -6.209433], "93": [53.360367, -6.233139], "94": [53.278884887695, -6.3137054443359], "95": [53.297683, -6.167582], "96": [53.290509, -6.243883], "97": [53.318024, -6.297913], "98": [53.337936401367, -6.2834930419922], "99": [53.321855, -6.260034], "100": [53.300998, -6.235782], "101": [53.402481079102, -6.2889862060547], "102": [53.423843, -6.235469], "103": [53.297177, -6.304642], "104": [53.369026, -6.269298], "105": [53.355244, -6.262089], "106": [53.343648, -6.149144], "107": [53.30188, -6.247514], "108": [53.382837, -6.171249], "109": [53.371091, -6.204762], "110": [53.309013, -6.216776]}, "children": {"0": [1, 2, 3, 4, 5, 6, 7, 8, 9, 10], "1": [15, 56, 62, 65, 67, 69, 79, 80, 89, 94, 103], "2": [22, 24, 32, 33, 36, 37, 39, 41, 44, 46, 52, 88, 90, 93, 99, 105], "3": [13, 14, 17, 19, 23, 31, 58, 60, 72, 74, 96, 100, 107], "4": [38, 50, 57, 71, 84, 86, 87], "5": [16, 20, 35, 47, 66, 68, 76, 81, 82, 102], "6": [29, 30, 34, 40, 91, 92, 95, 110], "7": [18, 25, 26, 43, 45, 49, 53, 54, 55, 97, 98], "8": [27, 28, 78, 106, 108, 109], "9": [11, 12, 21, 51, 70, 73, 75, 77, 85], "10": [42, 48, 59, 61, 63, 64, 83, 101, 104], "11": [], "12": [], "13": [], "14": [], "15": [], "16": [], "17": [], "18": [], "19": [], "20": [], "21": [], "22": [], "23": [], "24": [], "25": [], "26": [], "27": [], "28": [], "29": [], "30": [], "31": [], "32": [], "33": [], "34": [], "35": [], "36": [], "37": [], "38": [], "39": [], "40": [], "41": [], "42": [], "43": [], "44": [], "45": [], "46": [], "47": [], "48": [], "49": [], "50": [], "51": [], "52": [], "53": [], "54": [], "55": [], "56": [], "57": [], "58": [], "59": [], "60": [], "61": [], "62": [], "63": [], "64": [], "65": [], "66": [], "67": [], "68": [], "69": [], "70": [], "71": [], "72": [], "73": [], "74": [], "75": [], "76": [], "77": [], "78": [], "79": [], "80": [], "81": [], "82": [], "83": [], "84": [], "85": [], "86": [], "87": [], "88": [], "89": [], "90": [], "91": [], "92": [], "93": [], "94": [], "95": [], "96": [], "97": [], "98": [], "99": [], "100": [], "101": [], "102": [], "103": [], "104": [], "105": [], "106": [], "107": [], "108": [], "109": [], "110": []}}